overhang,Score
AAAA,556
AAAC,1010
AAAG,1135
AAAT,1036
AACA,873
AACC,994
AACG,1191
AACT,1129
AAGA,690
AAGC,1060
AAGG,1248
AAGT,1085
AATA,551
AATC,1201
AATG,1185
AATT,1056
ACAA,598
ACAC,834
ACAG,1095
ACAT,1000
ACCA,871
ACCC,830
ACCG,1153
ACCT,1118
ACGA,971
ACGC,796
ACGG,1295
ACGT,1068
ACTA,635
ACTC,1088
ACTG,1270
ACTT,1085
AGAA,820
AGAC,1102
AGAG,1218
AGAT,1195
AGCA,989
AGCC,1140
AGCG,1028
AGCT,1184
AGGA,1188
AGGC,1354
AGGG,1037
AGGT,1118
AGTA,830
AGTC,1404
AGTG,1018
AGTT,1129
ATAA,261
ATAC,1028
ATAG,875
ATAT,568
ATCA,876
ATCC,1182
ATCG,1317
ATCT,1195
ATGA,802
ATGC,1213
ATGG,1069
ATGT,1000
ATTA,502
ATTC,1340
ATTG,1078
ATTT,1036
CAAA,814
CAAC,841
CAAG,1050
CAAT,1078
CACA,796
CACC,678
CACG,989
CACT,1018
CAGA,1043
CAGC,968
CAGG,1361
CAGT,1270
CATA,726
CATC,1029
CATG,1258
CATT,1185
CCAA,886
CCAC,721
CCAG,1158
CCAT,1069
CCCA,790
CCCC,593
CCCG,1005
CCCT,1037
CCGA,1147
CCGC,824
CCGG,1402
CCGT,1295
CCTA,913
CCTC,979
CCTG,1361
CCTT,1248
CGAA,1157
CGAC,1089
CGAG,1283
CGAT,1317
CGCA,897
CGCC,888
CGCG,930
CGCT,1028
CGGA,1308
CGGC,1237
CGGG,1005
CGGT,1153
CGTA,1041
CGTC,1228
CGTG,989
CGTT,1191
CTAA,468
CTAC,980
CTAG,944
CTAT,875
CTCA,934
CTCC,994
CTCG,1283
CTCT,1218
CTGA,1048
CTGC,1143
CTGG,1158
CTGT,1095
CTTA,608
CTTC,1285
CTTG,1050
CTTT,1135
GAAA,890
GAAC,1300
GAAG,1285
GAAT,1340
GACA,1224
GACC,1253
GACG,1228
GACT,1404
GAGA,1055
GAGC,1240
GAGG,979
GAGT,1088
GATA,852
GATC,1314
GATG,1029
GATT,1201
GCAA,975
GCAC,924
GCAG,1143
GCAT,1213
GCCA,1129
GCCC,993
GCCG,1237
GCCT,1354
GCGA,1058
GCGC,900
GCGG,824
GCGT,796
GCTA,960
GCTC,1240
GCTG,968
GCTT,1060
GGAA,1293
GGAC,1337
GGAG,994
GGAT,1182
GGCA,1375
GGCC,1256
GGCG,888
GGCT,1140
GGGA,1160
GGGC,993
GGGG,593
GGGT,830
GGTA,978
GGTC,1253
GGTG,678
GGTT,994
GTAA,638
GTAC,1176
GTAG,980
GTAT,1028
GTCA,1339
GTCC,1337
GTCG,1089
GTCT,1102
GTGA,963
GTGC,924
GTGG,721
GTGT,834
GTTA,857
GTTC,1300
GTTG,841
GTTT,1010
TAAA,150
TAAC,857
TAAG,608
TAAT,502
TACA,470
TACC,978
TACG,1041
TACT,830
TAGA,291
TAGC,960
TAGG,913
TAGT,635
TATA,142
TATC,852
TATG,726
TATT,551
TCAA,345
TCAC,963
TCAG,1048
TCAT,802
TCCA,823
TCCC,1160
TCCG,1308
TCCT,1188
TCGA,676
TCGC,1058
TCGG,1147
TCGT,971
TCTA,291
TCTC,1055
TCTG,1043
TCTT,690
TGAA,559
TGAC,1339
TGAG,934
TGAT,876
TGCA,948
TGCC,1375
TGCG,897
TGCT,989
TGGA,823
TGGC,1129
TGGG,790
TGGT,871
TGTA,470
TGTC,1224
TGTG,796
TGTT,873
TTAA,76
TTAC,638
TTAG,468
TTAT,261
TTCA,559
TTCC,1293
TTCG,1157
TTCT,820
TTGA,345
TTGC,975
TTGG,886
TTGT,598
TTTA,150
TTTC,890
TTTG,814
TTTT,556
