Name	Sequence	Scale	Purification	Notes
ispS_WT_F	ATGGCAACTGAATTATTGTGCTTG	25nm	STD	WT forward
ispS_WT_R	TTATCTCTCAAAGGTAGAATAGGCTC	25nm	STD	WT reverse
ispS_R264K_F	cagcaaatgggtcgcggatccATGGCAACTGAATTATTGTGCTTG	25nm	STD	R264K Gibson fwd (lowercase = overhang)
ispS_R264K_R	gtggtggtggtggtgctcgagTTATCTCTCAAAGGTAGAATAGGCTC	25nm	STD	R264K Gibson rev (lowercase = overhang)
ispS_R264K_muF	GAAGCGTTCAGTGGATTCAAGGATCAAAATGGCAATTTC	25nm	STD	R264K mutagenic fwd (overlap extension)
ispS_R264K_muR	GAAATTGCCATTTTGATCCTTGAATCCACTGAACGCTTC	25nm	STD	R264K mutagenic rev (overlap extension)
ispS_F338Y_muF	GCATTAGAAGGAGAAAATATCTTGGATGAGGCCAAG	25nm	STD	F338Y mutagenic fwd
ispS_F338Y_muR	CTTGGCCTCATCCAAGATATTTTCTCCTTCTAATGC	25nm	STD	F338Y mutagenic rev
ispS_T505A_muF	GAAACAGCGAATTCTGTATCAGCCTACATGCGTACAAAA	25nm	STD	T505A mutagenic fwd
ispS_T505A_muR	TTTTGTACGCATGTAGGCTGATACAGAATTCGCTGTTTC	25nm	STD	T505A mutagenic rev
ispS_colony_F	GCTGTTACAAAAACTAGCCTTCATG	25nm	STD	Colony PCR check fwd (internal)
ispS_colony_R	CTCAGCGAAGAAAAGATTGGAAAAG	25nm	STD	Colony PCR check rev (internal)
