name,type,Dsp. Rack,no,Asp. Rack,Asp. Posi,Dsp. Rack,Dsp. Posi,volume
Q232A-fw,primer,Oligo 5pmol/ul,1,1,A1,2,A1,2.0
Y233A-fw,primer,Oligo 5pmol/ul,2,1,B1,2,B1,2.0
E335A-fw,primer,Oligo 5pmol/ul,3,1,C1,2,C1,2.0
K200A-fw,primer,Oligo 5pmol/ul,4,1,D1,2,D1,2.0
F203A-fw,primer,Oligo 5pmol/ul,5,1,E1,2,E1,2.0
D227A-fw,primer,Oligo 5pmol/ul,6,1,F1,2,F1,2.0
G237A-fw,primer,Oligo 5pmol/ul,7,1,G1,2,G1,2.0
P240A-fw,primer,Oligo 5pmol/ul,8,1,H1,2,H1,2.0
Y155A-fw,primer,Oligo 5pmol/ul,9,1,A2,2,A2,2.0
C175A-fw,primer,Oligo 5pmol/ul,10,1,B2,2,B2,2.0
Q232A-rv,primer,Oligo 5pmol/ul,11,2,A1,2,A1,2.0
Y233A-rv,primer,Oligo 5pmol/ul,12,2,B1,2,B1,2.0
E335A-rv,primer,Oligo 5pmol/ul,13,2,C1,2,C1,2.0
K200A-rv,primer,Oligo 5pmol/ul,14,2,D1,2,D1,2.0
F203A-rv,primer,Oligo 5pmol/ul,15,2,E1,2,E1,2.0
D227A-rv,primer,Oligo 5pmol/ul,16,2,F1,2,F1,2.0
G237A-rv,primer,Oligo 5pmol/ul,17,2,G1,2,G1,2.0
P240A-rv,primer,Oligo 5pmol/ul,18,2,H1,2,H1,2.0
Y155A-rv,primer,Oligo 5pmol/ul,19,2,A2,2,A2,2.0
C175A-rv,primer,Oligo 5pmol/ul,20,2,B2,2,B2,2.0
